,Team name,W,L,W/L%,GB,PS/G,PA/G,SRS,Year
0,Philadelphia 76ers*,56,26,0.683,—,94.7,90.4,3.64,2001
1,Miami Heat*,50,32,0.61,6.0,88.9,86.6,1.73,2001
2,New York Knicks*,48,34,0.585,8.0,88.7,86.1,1.98,2001
3,Orlando Magic*,43,39,0.524,13.0,97.5,96.5,0.39,2001
4,Boston Celtics,36,46,0.439,20.0,94.6,96.8,-2.4,2001
5,New Jersey Nets,26,56,0.317,30.0,92.1,97.1,-5.3,2001
6,Washington Wizards,19,63,0.232,37.0,93.2,99.9,-6.75,2001
7,Milwaukee Bucks*,52,30,0.634,—,100.7,96.9,3.14,2001
8,Toronto Raptors*,47,35,0.573,5.0,97.6,95.4,1.69,2001
9,Charlotte Hornets*,46,36,0.561,6.0,91.9,89.8,1.45,2001
10,Indiana Pacers*,41,41,0.5,11.0,92.6,92.8,-0.77,2001
11,Detroit Pistons,32,50,0.39,20.0,95.6,97.3,-2.08,2001
12,Cleveland Cavaliers,30,52,0.366,22.0,92.2,96.5,-4.48,2001
13,Atlanta Hawks,25,57,0.305,27.0,91.0,96.2,-5.55,2001
14,Chicago Bulls,15,67,0.183,37.0,87.6,96.7,-9.09,2001
0,San Antonio Spurs*,58,24,0.707,—,96.2,88.4,7.92,2001
1,Utah Jazz*,53,29,0.646,5.0,97.1,92.4,5.0,2001
2,Dallas Mavericks*,53,29,0.646,5.0,100.5,96.2,4.61,2001
3,Minnesota Timberwolves*,47,35,0.573,11.0,97.3,96.0,1.81,2001
4,Houston Rockets,45,37,0.549,13.0,97.2,94.9,2.71,2001
5,Denver Nuggets,40,42,0.488,18.0,96.6,99.0,-1.83,2001
6,Vancouver Grizzlies,23,59,0.28,35.0,91.7,97.5,-4.94,2001
7,Los Angeles Lakers*,56,26,0.683,—,100.6,97.2,3.74,2001
8,Sacramento Kings*,55,27,0.671,1.0,101.7,95.9,6.07,2001
9,Phoenix Suns*,51,31,0.622,5.0,94.0,91.8,2.63,2001
10,Portland Trail Blazers*,50,32,0.61,6.0,95.4,91.2,4.52,2001
11,Seattle SuperSonics,44,38,0.537,12.0,97.3,97.3,0.55,2001
12,Los Angeles Clippers,31,51,0.378,25.0,92.5,95.3,-2.23,2001
13,Golden State Warriors,17,65,0.207,39.0,92.5,101.5,-8.11,2001
0,New Jersey Nets*,52,30,0.634,—,96.2,92.0,3.67,2002
1,Boston Celtics*,49,33,0.598,3.0,96.4,94.1,1.75,2002
2,Orlando Magic*,44,38,0.537,8.0,100.5,98.9,1.25,2002
3,Philadelphia 76ers*,43,39,0.524,9.0,91.0,89.4,1.27,2002
4,Washington Wizards,37,45,0.451,15.0,92.8,94.2,-1.58,2002
5,Miami Heat,36,46,0.439,16.0,87.2,88.7,-1.84,2002
6,New York Knicks,30,52,0.366,22.0,91.6,95.6,-4.15,2002
7,Detroit Pistons*,50,32,0.61,—,94.3,92.2,1.69,2002
8,Charlotte Hornets*,44,38,0.537,6.0,93.9,92.9,0.57,2002
9,Toronto Raptors*,42,40,0.512,8.0,91.4,91.8,-0.71,2002
10,Indiana Pacers*,42,40,0.512,8.0,96.8,96.5,-0.07,2002
11,Milwaukee Bucks,41,41,0.5,9.0,97.5,97.7,-0.62,2002
12,Atlanta Hawks,33,49,0.402,17.0,94.0,98.3,-4.41,2002
13,Cleveland Cavaliers,29,53,0.354,21.0,95.3,98.6,-3.52,2002
14,Chicago Bulls,21,61,0.256,29.0,89.5,98.0,-8.52,2002
0,San Antonio Spurs*,58,24,0.707,—,96.7,90.5,6.28,2002
1,Dallas Mavericks*,57,25,0.695,1.0,105.2,101.0,4.41,2002
2,Minnesota Timberwolves*,50,32,0.61,8.0,99.3,96.0,3.58,2002
3,Utah Jazz*,44,38,0.537,14.0,96.0,95.1,1.21,2002
4,Houston Rockets,28,54,0.341,30.0,92.3,97.2,-4.31,2002
5,Denver Nuggets,27,55,0.329,31.0,92.2,98.0,-5.19,2002
6,Memphis Grizzlies,23,59,0.28,35.0,89.9,97.3,-6.74,2002
7,Sacramento Kings*,61,21,0.744,—,104.6,97.0,7.61,2002
8,Los Angeles Lakers*,58,24,0.707,3.0,101.3,94.1,7.15,2002
9,Portland Trail Blazers*,49,33,0.598,12.0,96.6,93.7,3.21,2002
10,Seattle SuperSonics*,45,37,0.549,16.0,97.7,94.7,3.24,2002
11,Los Angeles Clippers,39,43,0.476,22.0,95.7,96.1,-0.09,2002
12,Phoenix Suns,36,46,0.439,25.0,95.1,95.8,-0.3,2002
13,Golden State Warriors,21,61,0.256,40.0,97.7,103.1,-4.8,2002
0,New Jersey Nets*,49,33,0.598,—,95.4,90.1,4.42,2003
1,Philadelphia 76ers*,48,34,0.585,1.0,96.8,94.5,1.76,2003
2,Boston Celtics*,44,38,0.537,5.0,92.7,93.1,-0.75,2003
3,Orlando Magic*,42,40,0.512,7.0,98.5,98.4,-0.39,2003
4,Washington Wizards,37,45,0.451,12.0,91.5,92.5,-1.47,2003
5,New York Knicks,37,45,0.451,12.0,95.9,97.2,-1.61,2003
6,Miami Heat,25,57,0.305,24.0,85.6,90.6,-5.13,2003
7,Detroit Pistons*,50,32,0.61,—,91.4,87.7,2.97,2003
8,Indiana Pacers*,48,34,0.585,2.0,96.8,93.3,2.79,2003
9,New Orleans Hornets*,47,35,0.573,3.0,93.9,91.8,1.52,2003
10,Milwaukee Bucks*,42,40,0.512,8.0,99.5,99.3,-0.24,2003
11,Atlanta Hawks,35,47,0.427,15.0,94.1,97.6,-3.87,2003
12,Chicago Bulls,30,52,0.366,20.0,95.0,100.1,-5.31,2003
13,Toronto Raptors,24,58,0.293,26.0,90.9,96.8,-6.1,2003
14,Cleveland Cavaliers,17,65,0.207,33.0,91.4,101.0,-9.59,2003
0,San Antonio Spurs*,60,22,0.732,—,95.8,90.4,5.65,2003
1,Dallas Mavericks*,60,22,0.732,—,103.0,95.2,7.9,2003
2,Minnesota Timberwolves*,51,31,0.622,9.0,98.1,96.0,2.46,2003
3,Utah Jazz*,47,35,0.573,13.0,94.7,92.3,2.76,2003
4,Houston Rockets,43,39,0.524,17.0,93.8,92.3,1.89,2003
5,Memphis Grizzlies,28,54,0.341,32.0,97.5,100.7,-2.6,2003
6,Denver Nuggets,17,65,0.207,43.0,84.2,92.4,-7.41,2003
7,Sacramento Kings*,59,23,0.72,—,101.7,95.2,6.68,2003
8,Los Angeles Lakers*,50,32,0.61,9.0,100.4,98.0,2.71,2003
9,Portland Trail Blazers*,50,32,0.61,9.0,95.2,92.5,2.97,2003
10,Phoenix Suns*,44,38,0.537,15.0,95.5,94.4,1.57,2003
11,Seattle SuperSonics,40,42,0.488,19.0,92.1,92.3,0.37,2003
12,Golden State Warriors,38,44,0.463,21.0,102.4,103.6,-0.6,2003
13,Los Angeles Clippers,27,55,0.329,32.0,93.8,97.9,-3.45,2003
0,New Jersey Nets*,47,35,0.573,—,90.3,87.8,1.88,2004
1,Miami Heat*,42,40,0.512,5.0,90.3,89.7,-0.13,2004
2,New York Knicks*,39,43,0.476,8.0,92.0,93.5,-1.97,2004
3,Boston Celtics*,36,46,0.439,11.0,95.3,96.7,-1.99,2004
4,Philadelphia 76ers,33,49,0.402,14.0,88.0,90.5,-2.95,2004
5,Washington Wizards,25,57,0.305,22.0,91.8,97.4,-6.12,2004
6,Orlando Magic,21,61,0.256,26.0,94.0,101.1,-7.25,2004
7,Indiana Pacers*,61,21,0.744,—,91.4,85.6,4.93,2004
8,Detroit Pistons*,54,28,0.659,7.0,90.1,84.3,5.04,2004
9,New Orleans Hornets*,41,41,0.5,20.0,91.8,91.9,-0.72,2004
10,Milwaukee Bucks*,41,41,0.5,20.0,98.0,97.0,0.42,2004
11,Cleveland Cavaliers,35,47,0.427,26.0,92.9,95.5,-3.07,2004
12,Toronto Raptors,33,49,0.402,28.0,85.4,88.5,-3.42,2004
13,Atlanta Hawks,28,54,0.341,33.0,92.8,97.5,-5.0,2004
14,Chicago Bulls,23,59,0.28,38.0,89.7,96.0,-6.69,2004
0,Minnesota Timberwolves*,58,24,0.707,—,94.5,89.1,5.86,2004
1,San Antonio Spurs*,57,25,0.695,1.0,91.5,84.3,7.51,2004
2,Dallas Mavericks*,52,30,0.634,6.0,105.2,100.8,4.86,2004
3,Memphis Grizzlies*,50,32,0.61,8.0,96.7,94.3,2.95,2004
4,Houston Rockets*,45,37,0.549,13.0,89.8,88.0,2.28,2004
5,Denver Nuggets*,43,39,0.524,15.0,97.2,96.1,1.65,2004
6,Utah Jazz,42,40,0.512,16.0,88.7,89.9,-0.53,2004
7,Los Angeles Lakers*,56,26,0.683,—,98.2,94.3,4.35,2004
8,Sacramento Kings*,55,27,0.671,1.0,102.8,97.8,5.41,2004
9,Portland Trail Blazers,41,41,0.5,15.0,90.7,92.0,-0.58,2004
10,Golden State Warriors,37,45,0.451,19.0,93.3,94.0,-0.07,2004
11,Seattle SuperSonics,37,45,0.451,19.0,97.1,97.8,0.02,2004
12,Phoenix Suns,29,53,0.354,27.0,94.2,97.9,-2.94,2004
13,Los Angeles Clippers,28,54,0.341,28.0,94.8,99.4,-3.74,2004
0,Boston Celtics*,45,37,0.549,—,101.3,100.4,0.35,2005
1,Philadelphia 76ers*,43,39,0.524,2.0,99.1,99.9,-1.07,2005
2,New Jersey Nets*,42,40,0.512,3.0,91.4,92.9,-1.82,2005
3,Toronto Raptors,33,49,0.402,12.0,99.7,101.4,-1.81,2005
4,New York Knicks,33,49,0.402,12.0,97.3,99.7,-2.72,2005
5,Detroit Pistons*,54,28,0.659,—,93.3,89.5,3.31,2005
6,Chicago Bulls*,47,35,0.573,7.0,94.5,93.4,0.65,2005
7,Indiana Pacers*,44,38,0.537,10.0,93.0,92.2,0.49,2005
8,Cleveland Cavaliers,42,40,0.512,12.0,96.5,95.7,0.27,2005
9,Milwaukee Bucks,30,52,0.366,24.0,97.2,100.2,-3.09,2005
10,Miami Heat*,59,23,0.72,—,101.5,95.0,5.77,2005
11,Washington Wizards*,45,37,0.549,14.0,100.5,100.8,-0.71,2005
12,Orlando Magic,36,46,0.439,23.0,99.5,101.8,-2.52,2005
13,Charlotte Bobcats,18,64,0.22,41.0,94.3,100.2,-6.15,2005
14,Atlanta Hawks,13,69,0.159,46.0,92.7,102.5,-9.62,2005
0,Seattle SuperSonics*,52,30,0.634,—,98.9,96.6,2.59,2005
1,Denver Nuggets*,49,33,0.598,3.0,99.5,97.5,2.23,2005
2,Minnesota Timberwolves,44,38,0.537,8.0,96.8,95.3,1.73,2005
3,Portland Trail Blazers,27,55,0.329,25.0,92.9,96.9,-3.45,2005
4,Utah Jazz,26,56,0.317,26.0,93.0,97.3,-3.74,2005
5,Phoenix Suns*,62,20,0.756,—,110.4,103.3,7.08,2005
6,Sacramento Kings*,50,32,0.61,12.0,103.7,101.6,2.56,2005
7,Los Angeles Clippers,37,45,0.451,25.0,95.7,96.5,-0.47,2005
8,Los Angeles Lakers,34,48,0.415,28.0,98.7,101.7,-2.32,2005
9,Golden State Warriors,34,48,0.415,28.0,98.7,100.9,-1.74,2005
10,San Antonio Spurs*,59,23,0.72,—,96.2,88.4,7.84,2005
11,Dallas Mavericks*,58,24,0.707,1.0,102.5,96.8,5.86,2005
12,Houston Rockets*,51,31,0.622,8.0,95.1,91.0,4.27,2005
13,Memphis Grizzlies*,45,37,0.549,14.0,93.4,91.1,2.64,2005
14,New Orleans Hornets,18,64,0.22,41.0,88.4,95.5,-6.3,2005
0,New Jersey Nets*,49,33,0.598,—,93.8,92.4,1.11,2006
1,Philadelphia 76ers,38,44,0.463,11.0,99.4,101.3,-2.1,2006
2,Boston Celtics,33,49,0.402,16.0,98.0,99.5,-1.59,2006
3,Toronto Raptors,27,55,0.329,22.0,101.1,104.0,-3.03,2006
4,New York Knicks,23,59,0.28,26.0,95.6,102.0,-6.3,2006
5,Detroit Pistons*,64,18,0.78,—,96.8,90.2,6.24,2006
6,Cleveland Cavaliers*,50,32,0.61,14.0,97.6,95.4,2.17,2006
7,Indiana Pacers*,41,41,0.5,23.0,93.9,92.0,1.62,2006
8,Chicago Bulls*,41,41,0.5,23.0,97.8,97.2,0.51,2006
9,Milwaukee Bucks*,40,42,0.488,24.0,97.8,98.8,-1.07,2006
10,Miami Heat*,52,30,0.634,—,99.9,96.0,3.59,2006
11,Washington Wizards*,42,40,0.512,10.0,101.7,99.8,1.57,2006
12,Orlando Magic,36,46,0.439,16.0,94.9,96.0,-1.26,2006
13,Charlotte Bobcats,26,56,0.317,26.0,96.9,100.9,-3.9,2006
14,Atlanta Hawks,26,56,0.317,26.0,97.2,102.0,-4.69,2006
0,Denver Nuggets*,44,38,0.537,—,100.3,100.1,0.36,2006
1,Utah Jazz,41,41,0.5,3.0,92.4,95.0,-2.49,2006
2,Seattle SuperSonics,35,47,0.427,9.0,102.6,105.6,-2.88,2006
3,Minnesota Timberwolves,33,49,0.402,11.0,91.7,93.6,-1.75,2006
4,Portland Trail Blazers,21,61,0.256,23.0,88.8,98.3,-8.91,2006
5,Phoenix Suns*,54,28,0.659,—,108.4,102.8,5.48,2006
6,Los Angeles Clippers*,47,35,0.573,7.0,97.2,95.6,1.75,2006
7,Los Angeles Lakers*,45,37,0.549,9.0,99.4,96.9,2.53,2006
8,Sacramento Kings*,44,38,0.537,10.0,98.9,97.3,1.61,2006
9,Golden State Warriors,34,48,0.415,20.0,98.5,99.8,-1.11,2006
10,San Antonio Spurs*,63,19,0.768,—,95.6,88.8,6.69,2006
11,Dallas Mavericks*,60,22,0.732,3.0,99.1,93.1,5.96,2006
12,Memphis Grizzlies*,49,33,0.598,14.0,92.2,88.5,3.74,2006
13,New Orleans/Oklahoma City Hornets,38,44,0.463,25.0,92.8,95.6,-2.51,2006
14,Houston Rockets,34,48,0.415,29.0,90.1,91.7,-1.3,2006
0,Toronto Raptors*,47,35,0.573,—,99.5,98.5,0.61,2007
1,New Jersey Nets*,41,41,0.5,6.0,97.6,98.3,-1.0,2007
2,Philadelphia 76ers,35,47,0.427,12.0,94.9,98.0,-3.26,2007
3,New York Knicks,33,49,0.402,14.0,97.5,100.3,-3.06,2007
4,Boston Celtics,24,58,0.293,23.0,95.8,99.2,-3.7,2007
5,Detroit Pistons*,53,29,0.646,—,96.0,91.8,3.69,2007
6,Cleveland Cavaliers*,50,32,0.61,3.0,96.8,92.9,3.33,2007
7,Chicago Bulls*,49,33,0.598,4.0,98.8,93.8,4.52,2007
8,Indiana Pacers,35,47,0.427,18.0,95.6,98.0,-2.62,2007
9,Milwaukee Bucks,28,54,0.341,25.0,99.7,104.0,-4.43,2007
10,Miami Heat*,44,38,0.537,—,94.6,95.5,-1.21,2007
11,Washington Wizards*,41,41,0.5,3.0,104.3,104.9,-0.8,2007
12,Orlando Magic*,40,42,0.488,4.0,94.8,94.0,0.35,2007
13,Charlotte Bobcats,33,49,0.402,11.0,96.9,100.6,-3.97,2007
14,Atlanta Hawks,30,52,0.366,14.0,93.7,98.4,-4.86,2007
0,Utah Jazz*,51,31,0.622,—,101.5,98.6,3.06,2007
1,Denver Nuggets*,45,37,0.549,6.0,105.4,103.7,1.69,2007
2,Portland Trail Blazers,32,50,0.39,19.0,94.1,98.4,-3.78,2007
3,Minnesota Timberwolves,32,50,0.39,19.0,96.1,99.7,-3.16,2007
4,Seattle SuperSonics,31,51,0.378,20.0,99.1,102.0,-2.45,2007
5,Phoenix Suns*,61,21,0.744,—,110.2,102.9,7.28,2007
6,Los Angeles Lakers*,42,40,0.512,19.0,103.3,103.4,0.24,2007
7,Golden State Warriors*,42,40,0.512,19.0,106.5,106.9,0.0,2007
8,Los Angeles Clippers,40,42,0.488,21.0,95.6,96.1,-0.07,2007
9,Sacramento Kings,33,49,0.402,28.0,101.3,103.1,-1.35,2007
10,Dallas Mavericks*,67,15,0.817,—,100.0,92.8,7.28,2007
11,San Antonio Spurs*,58,24,0.707,9.0,98.5,90.1,8.35,2007
12,Houston Rockets*,52,30,0.634,15.0,97.0,92.1,5.04,2007
13,New Orleans/Oklahoma City Hornets,39,43,0.476,28.0,95.5,97.1,-1.19,2007
14,Memphis Grizzlies,22,60,0.268,45.0,101.6,106.7,-4.44,2007
0,Boston Celtics*,66,16,0.805,—,100.5,90.3,9.3,2008
1,Toronto Raptors*,41,41,0.5,25.0,100.2,97.3,2.47,2008
2,Philadelphia 76ers*,40,42,0.488,26.0,96.6,96.2,0.19,2008
3,New Jersey Nets,34,48,0.415,32.0,95.8,100.9,-5.15,2008
4,New York Knicks,23,59,0.28,43.0,96.9,103.5,-6.55,2008
5,Detroit Pistons*,59,23,0.72,—,97.5,90.1,6.67,2008
6,Cleveland Cavaliers*,45,37,0.549,14.0,96.4,96.7,-0.53,2008
7,Indiana Pacers,36,46,0.439,23.0,104.0,105.4,-1.87,2008
8,Chicago Bulls,33,49,0.402,26.0,97.3,100.4,-3.19,2008
9,Milwaukee Bucks,26,56,0.317,33.0,97.0,103.9,-6.92,2008
10,Orlando Magic*,52,30,0.634,—,104.5,99.0,4.79,2008
11,Washington Wizards*,43,39,0.524,9.0,98.8,99.2,-0.61,2008
12,Atlanta Hawks*,37,45,0.451,15.0,98.2,100.0,-2.23,2008
13,Charlotte Bobcats,32,50,0.39,20.0,97.1,101.4,-4.49,2008
14,Miami Heat,15,67,0.183,37.0,91.4,100.0,-8.53,2008
0,Utah Jazz*,54,28,0.659,—,106.2,99.3,6.86,2008
1,Denver Nuggets*,50,32,0.61,4.0,110.7,107.0,3.74,2008
2,Portland Trail Blazers,41,41,0.5,13.0,95.4,96.3,-0.52,2008
3,Minnesota Timberwolves,22,60,0.268,32.0,95.6,102.4,-6.26,2008
4,Seattle SuperSonics,20,62,0.244,34.0,97.5,106.3,-8.04,2008
5,Los Angeles Lakers*,57,25,0.695,—,108.6,101.3,7.34,2008
6,Phoenix Suns*,55,27,0.671,2.0,110.1,105.0,5.14,2008
7,Golden State Warriors,48,34,0.585,9.0,111.0,108.8,2.38,2008
8,Sacramento Kings,38,44,0.463,19.0,102.5,104.8,-1.86,2008
9,Los Angeles Clippers,23,59,0.28,34.0,93.8,101.1,-6.56,2008
10,New Orleans Hornets*,56,26,0.683,—,100.9,95.6,5.46,2008
11,San Antonio Spurs*,56,26,0.683,—,95.4,90.6,5.1,2008
12,Houston Rockets*,55,27,0.671,1.0,96.7,92.0,4.83,2008
13,Dallas Mavericks*,51,31,0.622,5.0,100.4,95.9,4.7,2008
14,Memphis Grizzlies,22,60,0.268,34.0,100.7,106.9,-5.76,2008
0,Boston Celtics*,62,20,0.756,—,100.9,93.4,7.44,2009
1,Philadelphia 76ers*,41,41,0.5,21.0,97.4,97.3,0.16,2009
2,New Jersey Nets,34,48,0.415,28.0,98.1,100.5,-2.31,2009
3,Toronto Raptors,33,49,0.402,29.0,99.0,101.9,-2.54,2009
4,New York Knicks,32,50,0.39,30.0,105.2,107.8,-2.33,2009
5,Cleveland Cavaliers*,66,16,0.805,—,100.3,91.4,8.68,2009
6,Chicago Bulls*,41,41,0.5,25.0,102.2,102.5,-0.16,2009
7,Detroit Pistons*,39,43,0.476,27.0,94.2,94.7,-0.36,2009
8,Indiana Pacers,36,46,0.439,30.0,105.1,106.2,-0.76,2009
9,Milwaukee Bucks,34,48,0.415,32.0,99.3,100.4,-0.88,2009
10,Orlando Magic*,59,23,0.72,—,101.0,94.4,6.48,2009
11,Atlanta Hawks*,47,35,0.573,12.0,98.1,96.5,1.7,2009
12,Miami Heat*,43,39,0.524,16.0,98.3,98.0,0.49,2009
13,Charlotte Bobcats,35,47,0.427,24.0,93.6,94.9,-1.2,2009
14,Washington Wizards,19,63,0.232,40.0,96.1,103.5,-6.98,2009
0,Denver Nuggets*,54,28,0.659,—,104.3,100.9,3.13,2009
1,Portland Trail Blazers*,54,28,0.659,—,99.4,94.1,5.0,2009
2,Utah Jazz*,48,34,0.585,6.0,103.6,100.9,2.31,2009
3,Minnesota Timberwolves,24,58,0.293,30.0,97.8,102.7,-4.74,2009
4,Oklahoma City Thunder,23,59,0.28,31.0,97.0,103.1,-6.04,2009
5,Los Angeles Lakers*,65,17,0.793,—,106.9,99.3,7.11,2009
6,Phoenix Suns,46,36,0.561,19.0,109.4,107.5,1.62,2009
7,Golden State Warriors,29,53,0.354,36.0,108.6,112.3,-3.8,2009
8,Los Angeles Clippers,19,63,0.232,46.0,95.1,103.9,-8.47,2009
9,Sacramento Kings,17,65,0.207,48.0,100.6,109.3,-8.6,2009
10,San Antonio Spurs*,54,28,0.659,—,97.0,93.3,3.36,2009
11,Houston Rockets*,53,29,0.646,1.0,98.4,94.4,3.73,2009
12,Dallas Mavericks*,50,32,0.61,4.0,101.7,99.8,1.68,2009
13,New Orleans Hornets*,49,33,0.598,5.0,95.8,94.3,1.41,2009
14,Memphis Grizzlies,24,58,0.293,30.0,93.9,99.3,-5.23,2009
0,Boston Celtics*,50,32,0.61,—,99.2,95.6,3.37,2010
1,Toronto Raptors,40,42,0.488,10.0,104.1,105.9,-1.83,2010
2,New York Knicks,29,53,0.354,21.0,102.1,105.9,-4.01,2010
3,Philadelphia 76ers,27,55,0.329,23.0,97.7,101.6,-3.93,2010
4,New Jersey Nets,12,70,0.146,38.0,92.4,101.5,-8.93,2010
5,Cleveland Cavaliers*,61,21,0.744,—,102.1,95.6,6.17,2010
6,Milwaukee Bucks*,46,36,0.561,15.0,97.7,96.0,1.37,2010
7,Chicago Bulls*,41,41,0.5,20.0,97.5,99.1,-1.64,2010
8,Indiana Pacers,32,50,0.39,29.0,100.8,103.8,-3.11,2010
9,Detroit Pistons,27,55,0.329,34.0,94.0,99.1,-5.02,2010
10,Orlando Magic*,59,23,0.72,—,102.8,95.3,7.12,2010
11,Atlanta Hawks*,53,29,0.646,6.0,101.7,97.0,4.44,2010
12,Miami Heat*,47,35,0.573,12.0,96.5,94.2,1.99,2010
13,Charlotte Bobcats*,44,38,0.537,15.0,95.3,93.8,1.3,2010
14,Washington Wizards,26,56,0.317,33.0,96.2,101.0,-4.72,2010
0,Denver Nuggets*,53,29,0.646,—,106.5,102.4,4.15,2010
1,Utah Jazz*,53,29,0.646,—,104.2,98.9,5.33,2010
2,Portland Trail Blazers*,50,32,0.61,3.0,98.1,94.8,3.18,2010
3,Oklahoma City Thunder*,50,32,0.61,3.0,101.5,98.0,3.55,2010
4,Minnesota Timberwolves,15,67,0.183,38.0,98.2,107.8,-9.06,2010
5,Los Angeles Lakers*,57,25,0.695,—,101.7,97.0,4.78,2010
6,Phoenix Suns*,54,28,0.659,3.0,110.2,105.3,4.67,2010
7,Los Angeles Clippers,29,53,0.354,28.0,95.7,102.1,-6.01,2010
8,Golden State Warriors,26,56,0.317,31.0,108.8,112.4,-3.28,2010
9,Sacramento Kings,25,57,0.305,32.0,100.0,104.4,-4.06,2010
10,Dallas Mavericks*,55,27,0.671,—,102.0,99.3,2.66,2010
11,San Antonio Spurs*,50,32,0.61,5.0,101.4,96.3,5.07,2010
12,Houston Rockets,42,40,0.512,13.0,102.4,102.7,-0.02,2010
13,Memphis Grizzlies,40,42,0.488,15.0,102.5,104.0,-1.39,2010
14,New Orleans Hornets,37,45,0.451,18.0,100.2,102.7,-2.27,2010
0,Boston Celtics*,56,26,0.683,—,96.5,91.1,4.83,2011
1,New York Knicks*,42,40,0.512,14.0,106.5,105.7,0.48,2011
2,Philadelphia 76ers*,41,41,0.5,15.0,99.0,97.5,1.01,2011
3,New Jersey Nets,24,58,0.293,32.0,94.2,100.4,-6.28,2011
4,Toronto Raptors,22,60,0.268,34.0,99.1,105.4,-6.28,2011
5,Chicago Bulls*,62,20,0.756,—,98.6,91.3,6.53,2011
6,Indiana Pacers*,37,45,0.451,25.0,99.8,100.9,-1.38,2011
7,Milwaukee Bucks,35,47,0.427,27.0,91.9,92.7,-1.02,2011
8,Detroit Pistons,30,52,0.366,32.0,97.0,100.6,-3.78,2011
9,Cleveland Cavaliers,19,63,0.232,43.0,95.5,104.5,-8.88,2011
10,Miami Heat*,58,24,0.707,—,102.1,94.6,6.76,2011
11,Orlando Magic*,52,30,0.634,6.0,99.2,93.7,4.92,2011
12,Atlanta Hawks*,44,38,0.537,14.0,95.0,95.8,-1.1,2011
13,Charlotte Bobcats,34,48,0.415,24.0,93.3,97.3,-4.08,2011
14,Washington Wizards,23,59,0.28,35.0,97.3,104.7,-7.3,2011
0,Oklahoma City Thunder*,55,27,0.671,—,104.8,101.0,3.81,2011
1,Denver Nuggets*,50,32,0.61,5.0,107.5,102.7,4.81,2011
2,Portland Trail Blazers*,48,34,0.585,7.0,96.3,94.8,1.85,2011
3,Utah Jazz,39,43,0.476,16.0,99.4,101.3,-1.44,2011
4,Minnesota Timberwolves,17,65,0.207,38.0,101.1,107.7,-5.97,2011
5,Los Angeles Lakers*,57,25,0.695,—,101.5,95.4,6.01,2011
6,Phoenix Suns,40,42,0.488,17.0,105.0,105.9,-0.46,2011
7,Golden State Warriors,36,46,0.439,21.0,103.4,105.7,-2.0,2011
8,Los Angeles Clippers,32,50,0.39,25.0,98.6,101.8,-2.71,2011
9,Sacramento Kings,24,58,0.293,33.0,99.4,104.7,-4.8,2011
10,San Antonio Spurs*,61,21,0.744,—,103.7,98.0,5.86,2011
11,Dallas Mavericks*,57,25,0.695,4.0,100.2,96.0,4.41,2011
12,New Orleans Hornets*,46,36,0.561,15.0,94.9,94.0,1.28,2011
13,Memphis Grizzlies*,46,36,0.561,15.0,99.9,97.6,2.55,2011
14,Houston Rockets,43,39,0.524,18.0,105.9,103.7,2.37,2011
0,Boston Celtics*,39,27,0.591,—,91.8,89.3,2.26,2012
1,New York Knicks*,36,30,0.545,3.0,97.8,94.7,2.39,2012
2,Philadelphia 76ers*,35,31,0.53,4.0,93.6,89.4,3.59,2012
3,Toronto Raptors,23,43,0.348,16.0,90.7,94.0,-3.67,2012
4,New Jersey Nets,22,44,0.333,17.0,93.1,99.1,-6.37,2012
5,Chicago Bulls*,50,16,0.758,—,96.3,88.2,7.43,2012
6,Indiana Pacers*,42,24,0.636,8.0,97.7,94.4,2.6,2012
7,Milwaukee Bucks,31,35,0.47,19.0,99.0,98.7,-0.23,2012
8,Detroit Pistons,25,41,0.379,25.0,90.9,95.7,-5.19,2012
9,Cleveland Cavaliers,21,45,0.318,29.0,93.0,100.2,-7.34,2012
10,Miami Heat*,46,20,0.697,—,98.5,92.5,5.72,2012
11,Atlanta Hawks*,40,26,0.606,6.0,96.6,93.2,2.67,2012
12,Orlando Magic*,37,29,0.561,9.0,94.2,93.4,0.46,2012
13,Washington Wizards,20,46,0.303,26.0,93.6,98.4,-5.14,2012
14,Charlotte Bobcats,7,59,0.106,39.0,87.0,100.9,-13.96,2012
0,Oklahoma City Thunder*,47,19,0.712,—,103.1,96.9,6.44,2012
1,Denver Nuggets*,38,28,0.576,9.0,104.1,101.2,3.16,2012
2,Utah Jazz*,36,30,0.545,11.0,99.7,99.0,0.92,2012
3,Portland Trail Blazers,28,38,0.424,19.0,97.2,97.8,-0.22,2012
4,Minnesota Timberwolves,26,40,0.394,21.0,97.9,100.1,-1.83,2012
5,Los Angeles Lakers*,41,25,0.621,—,97.3,95.9,1.96,2012
6,Los Angeles Clippers*,40,26,0.606,1.0,97.5,95.0,2.82,2012
7,Phoenix Suns,33,33,0.5,8.0,98.4,98.6,0.29,2012
8,Golden State Warriors,23,43,0.348,18.0,97.8,101.2,-2.79,2012
9,Sacramento Kings,22,44,0.333,19.0,98.8,104.4,-4.95,2012
10,San Antonio Spurs*,50,16,0.758,—,103.7,96.5,7.28,2012
11,Memphis Grizzlies*,41,25,0.621,9.0,95.0,93.0,2.43,2012
12,Dallas Mavericks*,36,30,0.545,14.0,95.8,94.8,1.78,2012
13,Houston Rockets,34,32,0.515,16.0,98.1,97.9,0.57,2012
14,New Orleans Hornets,21,45,0.318,29.0,89.6,93.4,-3.11,2012
0,New York Knicks*,54,28,0.659,—,100.0,95.7,3.73,2013
1,Brooklyn Nets*,49,33,0.598,5.0,96.9,95.1,1.25,2013
2,Boston Celtics*,41,40,0.506,12.5,96.5,96.7,-0.62,2013
3,Philadelphia 76ers,34,48,0.415,20.0,93.2,96.5,-3.51,2013
4,Toronto Raptors,34,48,0.415,20.0,97.2,98.7,-1.96,2013
5,Indiana Pacers*,49,32,0.605,—,94.7,90.7,3.34,2013
6,Chicago Bulls*,45,37,0.549,4.5,93.2,92.9,-0.02,2013
7,Milwaukee Bucks*,38,44,0.463,11.5,98.9,100.4,-1.83,2013
8,Detroit Pistons,29,53,0.354,20.5,94.9,98.8,-4.33,2013
9,Cleveland Cavaliers,24,58,0.293,25.5,96.5,101.2,-4.87,2013
10,Miami Heat*,66,16,0.805,—,102.9,95.0,7.03,2013
11,Atlanta Hawks*,44,38,0.537,22.0,98.0,97.5,-0.08,2013
12,Washington Wizards,29,53,0.354,37.0,93.2,95.8,-2.78,2013
13,Charlotte Bobcats,21,61,0.256,45.0,93.4,102.7,-9.29,2013
14,Orlando Magic,20,62,0.244,46.0,94.1,101.1,-7.12,2013
0,Oklahoma City Thunder*,60,22,0.732,—,105.7,96.5,9.15,2013
1,Denver Nuggets*,57,25,0.695,3.0,106.1,101.1,5.37,2013
2,Utah Jazz,43,39,0.524,17.0,98.0,98.1,0.3,2013
3,Portland Trail Blazers,33,49,0.402,27.0,97.5,100.7,-2.53,2013
4,Minnesota Timberwolves,31,51,0.378,29.0,95.7,98.1,-1.83,2013
5,Los Angeles Clippers*,56,26,0.683,—,101.1,94.6,6.43,2013
6,Golden State Warriors*,47,35,0.573,9.0,101.2,100.3,1.32,2013
7,Los Angeles Lakers*,45,37,0.549,11.0,102.2,101.0,1.48,2013
8,Sacramento Kings,28,54,0.341,28.0,100.2,105.1,-4.26,2013
9,Phoenix Suns,25,57,0.305,31.0,95.2,101.6,-5.75,2013
10,San Antonio Spurs*,58,24,0.707,—,103.0,96.6,6.67,2013
11,Memphis Grizzlies*,56,26,0.683,2.0,93.4,89.3,4.32,2013
12,Houston Rockets*,45,37,0.549,13.0,106.0,102.5,3.69,2013
13,Dallas Mavericks,41,41,0.5,17.0,101.1,101.7,-0.24,2013
14,New Orleans Hornets,27,55,0.329,31.0,94.1,97.9,-3.12,2013
0,Toronto Raptors*,48,34,0.585,—,101.3,98.0,2.55,2014
1,Brooklyn Nets*,44,38,0.537,4.0,98.5,99.5,-1.58,2014
2,New York Knicks,37,45,0.451,11.0,98.6,99.4,-1.4,2014
3,Boston Celtics,25,57,0.305,23.0,96.2,100.7,-4.97,2014
4,Philadelphia 76ers,19,63,0.232,29.0,99.5,109.9,-10.66,2014
5,Indiana Pacers*,56,26,0.683,—,96.7,92.3,3.63,2014
6,Chicago Bulls*,48,34,0.585,8.0,93.7,91.8,1.2,2014
7,Cleveland Cavaliers,33,49,0.402,23.0,98.2,101.5,-3.86,2014
8,Detroit Pistons,29,53,0.354,27.0,101.0,104.7,-4.13,2014
9,Milwaukee Bucks,15,67,0.183,41.0,95.5,103.7,-8.41,2014
10,Miami Heat*,54,28,0.659,—,102.2,97.4,4.15,2014
11,Washington Wizards*,44,38,0.537,10.0,100.7,99.4,0.48,2014
12,Charlotte Bobcats*,43,39,0.524,11.0,96.9,97.1,-0.89,2014
13,Atlanta Hawks*,38,44,0.463,16.0,101.0,101.5,-0.88,2014
14,Orlando Magic,23,59,0.28,31.0,96.5,102.0,-5.88,2014
0,Oklahoma City Thunder*,59,23,0.72,—,106.2,99.8,6.66,2014
1,Portland Trail Blazers*,54,28,0.659,5.0,106.7,102.8,4.44,2014
2,Minnesota Timberwolves,40,42,0.488,19.0,106.9,104.3,3.1,2014
3,Denver Nuggets,36,46,0.439,23.0,104.4,106.5,-1.4,2014
4,Utah Jazz,25,57,0.305,34.0,95.0,102.2,-6.27,2014
5,Los Angeles Clippers*,57,25,0.695,—,107.9,101.0,7.27,2014
6,Golden State Warriors*,51,31,0.622,6.0,104.3,99.5,5.15,2014
7,Phoenix Suns,48,34,0.585,9.0,105.2,102.6,3.02,2014
8,Sacramento Kings,28,54,0.341,29.0,100.5,103.4,-2.08,2014
9,Los Angeles Lakers,27,55,0.329,30.0,103.0,109.2,-5.33,2014
10,San Antonio Spurs*,62,20,0.756,—,105.4,97.6,8.0,2014
11,Houston Rockets*,54,28,0.659,8.0,107.7,103.1,5.06,2014
12,Memphis Grizzlies*,50,32,0.61,12.0,96.1,94.6,2.18,2014
13,Dallas Mavericks*,49,33,0.598,13.0,104.8,102.4,2.91,2014
14,New Orleans Pelicans,34,48,0.415,28.0,99.7,102.4,-1.98,2014
0,Toronto Raptors*,49,33,0.598,—,104.0,100.9,2.45,2015
1,Boston Celtics*,40,42,0.488,9.0,101.4,101.2,-0.4,2015
2,Brooklyn Nets*,38,44,0.463,11.0,98.0,100.9,-3.13,2015
3,Philadelphia 76ers,18,64,0.22,31.0,92.0,101.0,-9.04,2015
4,New York Knicks,17,65,0.207,32.0,91.9,101.2,-9.5,2015
5,Cleveland Cavaliers*,53,29,0.646,—,103.1,98.7,4.08,2015
6,Chicago Bulls*,50,32,0.61,3.0,100.8,97.8,2.54,2015
7,Milwaukee Bucks*,41,41,0.5,12.0,97.8,97.4,-0.09,2015
8,Indiana Pacers,38,44,0.463,15.0,97.3,97.0,-0.23,2015
9,Detroit Pistons,32,50,0.39,21.0,98.5,99.5,-1.39,2015
10,Atlanta Hawks*,60,22,0.732,—,102.5,97.1,4.75,2015
11,Washington Wizards*,46,36,0.561,14.0,98.5,97.8,0.17,2015
12,Miami Heat,37,45,0.451,23.0,94.7,97.3,-2.92,2015
13,Charlotte Hornets,33,49,0.402,27.0,94.2,97.3,-3.44,2015
14,Orlando Magic,25,57,0.305,35.0,95.7,101.4,-5.87,2015
0,Portland Trail Blazers*,51,31,0.622,—,102.8,98.6,4.41,2015
1,Oklahoma City Thunder,45,37,0.549,6.0,104.0,101.8,2.47,2015
2,Utah Jazz,38,44,0.463,13.0,95.1,94.9,0.71,2015
3,Denver Nuggets,30,52,0.366,21.0,101.5,105.0,-3.07,2015
4,Minnesota Timberwolves,16,66,0.195,35.0,97.8,106.5,-8.0,2015
5,Golden State Warriors*,67,15,0.817,—,110.0,99.9,10.01,2015
6,Los Angeles Clippers*,56,26,0.683,11.0,106.7,100.1,6.8,2015
7,Phoenix Suns,39,43,0.476,28.0,102.4,103.3,-0.38,2015
8,Sacramento Kings,29,53,0.354,38.0,101.3,105.0,-3.07,2015
9,Los Angeles Lakers,21,61,0.256,46.0,98.5,105.3,-6.17,2015
10,Houston Rockets*,56,26,0.683,—,103.9,100.5,3.82,2015
11,Memphis Grizzlies*,55,27,0.671,1.0,98.3,95.1,3.62,2015
12,San Antonio Spurs*,55,27,0.671,1.0,103.2,97.0,6.34,2015
13,Dallas Mavericks*,50,32,0.61,6.0,105.2,102.3,3.36,2015
14,New Orleans Pelicans*,45,37,0.549,11.0,99.4,98.6,1.13,2015
0,Toronto Raptors*,56,26,0.683,—,102.7,98.2,4.08,2016
1,Boston Celtics*,48,34,0.585,8.0,105.7,102.5,2.84,2016
2,New York Knicks,32,50,0.39,24.0,98.4,101.1,-2.74,2016
3,Brooklyn Nets,21,61,0.256,35.0,98.6,106.0,-7.12,2016
4,Philadelphia 76ers,10,72,0.122,46.0,97.4,107.6,-9.92,2016
5,Cleveland Cavaliers*,57,25,0.695,—,104.3,98.3,5.45,2016
6,Indiana Pacers*,45,37,0.549,12.0,102.2,100.5,1.62,2016
7,Detroit Pistons*,44,38,0.537,13.0,102.0,101.4,0.43,2016
8,Chicago Bulls,42,40,0.512,15.0,101.6,103.1,-1.46,2016
9,Milwaukee Bucks,33,49,0.402,24.0,99.0,103.2,-3.98,2016
10,Miami Heat*,48,34,0.585,—,100.0,98.4,1.5,2016
11,Atlanta Hawks*,48,34,0.585,—,102.8,99.2,3.49,2016
12,Charlotte Hornets*,48,34,0.585,—,103.4,100.7,2.36,2016
13,Washington Wizards,41,41,0.5,7.0,104.1,104.6,-0.5,2016
14,Orlando Magic,35,47,0.427,13.0,102.1,103.7,-1.68,2016
0,Oklahoma City Thunder*,55,27,0.671,—,110.2,102.9,7.09,2016
1,Portland Trail Blazers*,44,38,0.537,11.0,105.1,104.3,0.98,2016
2,Utah Jazz,40,42,0.488,15.0,97.7,95.9,1.84,2016
3,Denver Nuggets,33,49,0.402,22.0,101.9,105.0,-2.81,2016
4,Minnesota Timberwolves,29,53,0.354,26.0,102.4,106.0,-3.38,2016
5,Golden State Warriors*,73,9,0.89,—,114.9,104.1,10.38,2016
6,Los Angeles Clippers*,53,29,0.646,20.0,104.5,100.2,4.13,2016
7,Sacramento Kings,33,49,0.402,40.0,106.6,109.1,-2.32,2016
8,Phoenix Suns,23,59,0.28,50.0,100.9,107.5,-6.32,2016
9,Los Angeles Lakers,17,65,0.207,56.0,97.3,106.9,-8.92,2016
10,San Antonio Spurs*,67,15,0.817,—,103.5,92.9,10.28,2016
11,Dallas Mavericks*,42,40,0.512,25.0,102.3,102.6,-0.02,2016
12,Memphis Grizzlies*,42,40,0.512,25.0,99.1,101.3,-2.14,2016
13,Houston Rockets*,41,41,0.5,26.0,106.5,106.4,0.34,2016
14,New Orleans Pelicans,30,52,0.366,37.0,102.7,106.5,-3.56,2016
0,Boston Celtics*,53,29,0.646,—,108.0,105.4,2.25,2017
1,Toronto Raptors*,51,31,0.622,2.0,106.9,102.6,3.65,2017
2,New York Knicks,31,51,0.378,22.0,104.3,108.0,-3.87,2017
3,Philadelphia 76ers,28,54,0.341,25.0,102.4,108.1,-5.83,2017
4,Brooklyn Nets,20,62,0.244,33.0,105.8,112.5,-6.74,2017
5,Cleveland Cavaliers*,51,31,0.622,—,110.3,107.2,2.87,2017
6,Milwaukee Bucks*,42,40,0.512,9.0,103.6,103.8,-0.45,2017
7,Indiana Pacers*,42,40,0.512,9.0,105.1,105.3,-0.64,2017
8,Chicago Bulls*,41,41,0.5,10.0,102.9,102.4,0.03,2017
9,Detroit Pistons,37,45,0.451,14.0,101.3,102.5,-1.29,2017
10,Washington Wizards*,49,33,0.598,—,109.2,107.4,1.36,2017
11,Atlanta Hawks*,43,39,0.524,6.0,103.2,104.0,-1.23,2017
12,Miami Heat,41,41,0.5,8.0,103.2,102.1,0.77,2017
13,Charlotte Hornets,36,46,0.439,13.0,104.9,104.7,-0.07,2017
14,Orlando Magic,29,53,0.354,20.0,101.1,107.6,-6.61,2017
0,Utah Jazz*,51,31,0.622,—,100.7,96.8,4.0,2017
1,Oklahoma City Thunder*,47,35,0.573,4.0,106.6,105.8,1.14,2017
2,Portland Trail Blazers*,41,41,0.5,10.0,107.9,108.5,-0.23,2017
3,Denver Nuggets,40,42,0.488,11.0,111.7,111.2,0.7,2017
4,Minnesota Timberwolves,31,51,0.378,20.0,105.6,106.7,-0.64,2017
5,Golden State Warriors*,67,15,0.817,—,115.9,104.3,11.35,2017
6,Los Angeles Clippers*,51,31,0.622,16.0,108.7,104.4,4.42,2017
7,Sacramento Kings,32,50,0.39,35.0,102.8,106.7,-3.29,2017
8,Los Angeles Lakers,26,56,0.317,41.0,104.6,111.5,-6.29,2017
9,Phoenix Suns,24,58,0.293,43.0,107.7,113.3,-5.14,2017
10,San Antonio Spurs*,61,21,0.744,—,105.3,98.1,7.13,2017
11,Houston Rockets*,55,27,0.671,6.0,115.3,109.6,5.84,2017
12,Memphis Grizzlies*,43,39,0.524,18.0,100.5,100.0,0.96,2017
13,New Orleans Pelicans,34,48,0.415,27.0,104.3,106.4,-1.69,2017
14,Dallas Mavericks,33,49,0.402,28.0,97.9,100.8,-2.53,2017
0,Toronto Raptors*,59,23,0.72,—,111.7,103.9,7.29,2018
1,Boston Celtics*,55,27,0.671,4.0,104.0,100.4,3.23,2018
2,Philadelphia 76ers*,52,30,0.634,7.0,109.8,105.3,4.3,2018
3,New York Knicks,29,53,0.354,30.0,104.5,108.0,-3.53,2018
4,Brooklyn Nets,28,54,0.341,31.0,106.6,110.3,-3.67,2018
5,Cleveland Cavaliers*,50,32,0.61,—,110.9,109.9,0.59,2018
6,Indiana Pacers*,48,34,0.585,2.0,105.6,104.2,1.18,2018
7,Milwaukee Bucks*,44,38,0.537,6.0,106.5,106.8,-0.45,2018
8,Detroit Pistons,39,43,0.476,11.0,103.8,103.9,-0.26,2018
9,Chicago Bulls,27,55,0.329,23.0,102.9,110.0,-6.84,2018
10,Miami Heat*,44,38,0.537,—,103.4,102.9,0.15,2018
11,Washington Wizards*,43,39,0.524,1.0,106.6,106.0,0.53,2018
12,Charlotte Hornets,36,46,0.439,8.0,108.2,108.0,0.07,2018
13,Orlando Magic,25,57,0.305,19.0,103.4,108.2,-4.92,2018
14,Atlanta Hawks,24,58,0.293,20.0,103.4,108.8,-5.3,2018
0,Portland Trail Blazers*,49,33,0.598,—,105.6,103.0,2.6,2018
1,Oklahoma City Thunder*,48,34,0.585,1.0,107.9,104.4,3.42,2018
2,Utah Jazz*,48,34,0.585,1.0,104.1,99.8,4.47,2018
3,Minnesota Timberwolves*,47,35,0.573,2.0,109.5,107.3,2.35,2018
4,Denver Nuggets,46,36,0.561,3.0,110.0,108.5,1.57,2018
5,Golden State Warriors*,58,24,0.707,—,113.5,107.5,5.79,2018
6,Los Angeles Clippers,42,40,0.512,16.0,109.0,109.0,0.15,2018
7,Los Angeles Lakers,35,47,0.427,23.0,108.1,109.6,-1.44,2018
8,Sacramento Kings,27,55,0.329,31.0,98.8,105.8,-6.6,2018
9,Phoenix Suns,21,61,0.256,37.0,103.9,113.3,-8.8,2018
10,Houston Rockets*,65,17,0.793,—,112.4,103.9,8.21,2018
11,New Orleans Pelicans*,48,34,0.585,17.0,111.7,110.4,1.48,2018
12,San Antonio Spurs*,47,35,0.573,18.0,102.7,99.8,2.89,2018
13,Dallas Mavericks,24,58,0.293,41.0,102.3,105.4,-2.7,2018
14,Memphis Grizzlies,22,60,0.268,43.0,99.3,105.5,-5.81,2018
0,Toronto Raptors*,58,24,0.707,—,114.4,108.4,5.49,2019
1,Philadelphia 76ers*,51,31,0.622,7.0,115.2,112.5,2.25,2019
2,Boston Celtics*,49,33,0.598,9.0,112.4,108.0,3.9,2019
3,Brooklyn Nets*,42,40,0.512,16.0,112.2,112.3,-0.4,2019
4,New York Knicks,17,65,0.207,41.0,104.6,113.8,-8.93,2019
5,Milwaukee Bucks*,60,22,0.732,—,118.1,109.3,8.04,2019
6,Indiana Pacers*,48,34,0.585,12.0,108.0,104.7,2.76,2019
7,Detroit Pistons*,41,41,0.5,19.0,107.0,107.3,-0.56,2019
8,Chicago Bulls,22,60,0.268,38.0,104.9,113.4,-8.32,2019
9,Cleveland Cavaliers,19,63,0.232,41.0,104.5,114.1,-9.39,2019
10,Orlando Magic*,42,40,0.512,—,107.3,106.6,0.28,2019
11,Charlotte Hornets,39,43,0.476,3.0,110.7,111.8,-1.32,2019
12,Miami Heat,39,43,0.476,3.0,105.7,105.9,-0.45,2019
13,Washington Wizards,32,50,0.39,10.0,114.0,116.9,-3.3,2019
14,Atlanta Hawks,29,53,0.354,13.0,113.3,119.4,-6.06,2019
0,Denver Nuggets*,54,28,0.659,—,110.7,106.7,4.19,2019
1,Portland Trail Blazers*,53,29,0.646,1.0,114.7,110.5,4.43,2019
2,Utah Jazz*,50,32,0.61,4.0,111.7,106.5,5.28,2019
3,Oklahoma City Thunder*,49,33,0.598,5.0,114.5,111.1,3.56,2019
4,Minnesota Timberwolves,36,46,0.439,18.0,112.5,114.0,-1.02,2019
5,Golden State Warriors*,57,25,0.695,—,117.7,111.2,6.42,2019
6,Los Angeles Clippers*,48,34,0.585,9.0,115.1,114.3,1.09,2019
7,Sacramento Kings,39,43,0.476,18.0,114.2,115.3,-0.81,2019
8,Los Angeles Lakers,37,45,0.451,20.0,111.8,113.5,-1.33,2019
9,Phoenix Suns,19,63,0.232,38.0,107.5,116.8,-8.61,2019
10,Houston Rockets*,53,29,0.646,—,113.9,109.1,4.96,2019
11,San Antonio Spurs*,48,34,0.585,5.0,111.7,110.0,1.8,2019
12,Memphis Grizzlies,33,49,0.402,20.0,103.5,106.1,-2.08,2019
13,New Orleans Pelicans,33,49,0.402,20.0,115.4,116.8,-1.1,2019
14,Dallas Mavericks,33,49,0.402,20.0,108.9,110.1,-0.87,2019
0,Toronto Raptors*,53,19,0.736,—,112.8,106.5,5.97,2020
1,Boston Celtics*,48,24,0.667,5.0,113.7,107.3,5.83,2020
2,Philadelphia 76ers*,43,30,0.589,10.5,110.7,108.4,2.25,2020
3,Brooklyn Nets*,35,37,0.486,18.0,111.8,112.3,-1.01,2020
4,New York Knicks,21,45,0.318,29.0,105.8,112.3,-6.72,2020
5,Milwaukee Bucks*,56,17,0.767,—,118.7,108.6,9.41,2020
6,Indiana Pacers*,45,28,0.616,11.0,109.4,107.5,1.63,2020
7,Chicago Bulls,22,43,0.338,30.0,106.8,109.9,-4.0,2020
8,Detroit Pistons,20,46,0.303,32.5,107.2,110.8,-4.38,2020
9,Cleveland Cavaliers,19,46,0.292,33.0,106.9,114.8,-7.77,2020
10,Miami Heat*,44,29,0.603,—,112.0,109.1,2.59,2020
11,Orlando Magic*,33,40,0.452,11.0,107.3,108.3,-0.93,2020
12,Charlotte Hornets,23,42,0.354,17.0,102.9,109.6,-7.03,2020
13,Washington Wizards,25,47,0.347,18.5,114.4,119.1,-5.24,2020
14,Atlanta Hawks,20,47,0.299,21.0,111.8,119.7,-7.71,2020
0,Denver Nuggets*,46,27,0.63,—,111.3,109.2,2.35,2020
1,Oklahoma City Thunder*,44,28,0.611,1.5,110.4,108.4,2.33,2020
2,Utah Jazz*,44,28,0.611,1.5,111.3,108.8,2.52,2020
3,Portland Trail Blazers*,35,39,0.473,11.5,115.0,116.1,-0.61,2020
4,Minnesota Timberwolves,19,45,0.297,22.5,113.3,117.5,-4.02,2020
5,Los Angeles Lakers*,52,19,0.732,—,113.4,107.6,6.28,2020
6,Los Angeles Clippers*,49,23,0.681,3.5,116.3,109.9,6.66,2020
7,Phoenix Suns,34,39,0.466,19.0,113.6,113.4,0.56,2020
8,Sacramento Kings,31,41,0.431,21.5,110.1,112.1,-1.59,2020
9,Golden State Warriors,15,50,0.231,34.0,106.3,115.0,-8.12,2020
10,Houston Rockets*,44,28,0.611,—,117.8,114.8,3.13,2020
11,Dallas Mavericks*,43,32,0.573,2.5,117.0,112.1,4.87,2020
12,Memphis Grizzlies,34,39,0.466,10.5,112.6,113.7,-0.91,2020
13,San Antonio Spurs,32,39,0.451,11.5,114.1,115.2,-0.65,2020
14,New Orleans Pelicans,30,42,0.417,14.0,115.8,117.1,-0.55,2020
0,Philadelphia 76ers*,49,23,0.681,—,113.6,108.1,5.28,2021
1,Brooklyn Nets*,48,24,0.667,1.0,118.6,114.1,4.24,2021
2,New York Knicks*,41,31,0.569,8.0,107.0,104.7,2.13,2021
3,Boston Celtics*,36,36,0.5,13.0,112.6,111.2,1.32,2021
4,Toronto Raptors,27,45,0.375,22.0,111.3,111.7,-0.54,2021
5,Milwaukee Bucks*,46,26,0.639,—,120.1,114.2,5.57,2021
6,Indiana Pacers,34,38,0.472,12.0,115.3,115.3,-0.13,2021
7,Chicago Bulls,31,41,0.431,15.0,110.7,111.6,-0.94,2021
8,Cleveland Cavaliers,22,50,0.306,24.0,103.8,112.3,-8.19,2021
9,Detroit Pistons,20,52,0.278,26.0,106.6,111.1,-4.38,2021
10,Atlanta Hawks*,41,31,0.569,—,113.7,111.4,2.14,2021
11,Miami Heat*,40,32,0.556,1.0,108.1,108.0,-0.06,2021
12,Washington Wizards*,34,38,0.472,7.0,116.6,118.5,-1.85,2021
13,Charlotte Hornets,33,39,0.458,8.0,109.5,111.4,-1.94,2021
14,Orlando Magic,21,51,0.292,20.0,104.0,113.3,-9.02,2021
0,Utah Jazz*,52,20,0.722,—,116.4,107.2,8.97,2021
1,Denver Nuggets*,47,25,0.653,5.0,115.1,110.1,4.82,2021
2,Portland Trail Blazers*,42,30,0.583,10.0,116.1,114.3,1.81,2021
3,Minnesota Timberwolves,23,49,0.319,29.0,112.1,117.7,-5.25,2021
4,Oklahoma City Thunder,22,50,0.306,30.0,105.0,115.6,-10.13,2021
5,Phoenix Suns*,51,21,0.708,—,115.3,109.5,5.67,2021
6,Los Angeles Clippers*,47,25,0.653,4.0,114.0,107.8,6.02,2021
7,Los Angeles Lakers*,42,30,0.583,9.0,109.5,106.8,2.77,2021
8,Golden State Warriors,39,33,0.542,12.0,113.7,112.7,1.1,2021
9,Sacramento Kings,31,41,0.431,20.0,113.7,117.4,-3.45,2021
10,Dallas Mavericks*,42,30,0.583,—,112.4,110.2,2.26,2021
11,Memphis Grizzlies*,38,34,0.528,4.0,113.3,112.3,1.07,2021
12,San Antonio Spurs,33,39,0.458,9.0,111.1,112.8,-1.58,2021
13,New Orleans Pelicans,31,41,0.431,11.0,114.6,114.9,-0.2,2021
14,Houston Rockets,17,55,0.236,25.0,108.8,116.7,-7.5,2021
0,Boston Celtics*,51,31,0.622,—,111.8,104.5,7.02,2022
1,Philadelphia 76ers*,51,31,0.622,—,109.9,107.3,2.57,2022
2,Toronto Raptors*,48,34,0.585,3.0,109.4,107.1,2.38,2022
3,Brooklyn Nets*,44,38,0.537,7.0,112.9,112.1,0.82,2022
4,New York Knicks,37,45,0.451,14.0,106.5,106.6,-0.01,2022
5,Milwaukee Bucks*,51,31,0.622,—,115.5,112.1,3.22,2022
6,Chicago Bulls*,46,36,0.561,5.0,111.6,112.0,-0.38,2022
7,Cleveland Cavaliers,44,38,0.537,7.0,107.8,105.7,2.04,2022
8,Indiana Pacers,25,57,0.305,26.0,111.5,114.9,-3.26,2022
9,Detroit Pistons,23,59,0.28,28.0,104.8,112.5,-7.36,2022
10,Miami Heat*,53,29,0.646,—,110.0,105.6,4.23,2022
11,Atlanta Hawks*,43,39,0.524,10.0,113.9,112.4,1.55,2022
12,Charlotte Hornets,43,39,0.524,10.0,115.3,114.9,0.53,2022
13,Washington Wizards,35,47,0.427,18.0,108.6,112.0,-3.23,2022
14,Orlando Magic,22,60,0.268,31.0,104.2,112.2,-7.67,2022
0,Utah Jazz*,49,33,0.598,—,113.6,107.6,5.67,2022
1,Denver Nuggets*,48,34,0.585,1.0,112.7,110.4,2.16,2022
2,Minnesota Timberwolves*,46,36,0.561,3.0,115.9,113.3,2.53,2022
3,Portland Trail Blazers,27,55,0.329,22.0,106.2,115.1,-8.55,2022
4,Oklahoma City Thunder,24,58,0.293,25.0,103.7,111.8,-7.9,2022
5,Phoenix Suns*,64,18,0.78,—,114.8,107.3,6.94,2022
6,Golden State Warriors*,53,29,0.646,11.0,111.0,105.5,5.52,2022
7,Los Angeles Clippers,42,40,0.512,22.0,108.4,108.4,0.09,2022
8,Los Angeles Lakers,33,49,0.402,31.0,112.1,115.1,-3.08,2022
9,Sacramento Kings,30,52,0.366,34.0,110.3,115.8,-5.26,2022
10,Memphis Grizzlies*,56,26,0.683,—,115.6,109.9,5.37,2022
11,Dallas Mavericks*,52,30,0.634,4.0,108.0,104.7,3.12,2022
12,New Orleans Pelicans*,36,46,0.439,20.0,109.3,110.3,-0.84,2022
13,San Antonio Spurs,34,48,0.415,22.0,113.2,113.0,0.02,2022
14,Houston Rockets,20,62,0.244,36.0,109.7,118.2,-8.26,2022
